Codice Provincia;Regione/Provincia;Superficie totale (ettari);Superficie totale (Km2);Popolazione residente al Censimento 2011;Densità abitativa (abitanti per Km2)
;Piemonte; 2.538.706,91 ; 25.387,07 ; 4.363.916 ; 171,90 
1;Torino; 682.700,14 ; 6.827,00 ; 2.247.780 ; 329,25 
2;Vercelli; 208.163,57 ; 2.081,64 ; 176.941 ; 85,00 
3;Novara; 134.028,35 ; 1.340,28 ; 365.559 ; 272,75 
4;Cuneo; 689.493,63 ; 6.894,94 ; 586.378 ; 85,04 
5;Asti; 151.019,25 ; 1.510,19 ; 217.573 ; 144,07 
6;Alessandria; 355.882,68 ; 3.558,83 ; 427.229 ; 120,05 
96;Biella; 91.328,39 ; 913,28 ; 182.192 ; 199,49 
103;Verbano-Cusio-Ossola; 226.090,90 ; 2.260,91 ; 160.264 ; 70,88 
;Valle d'Aosta/Vallée d'Aoste; 326.089,81 ; 3.260,90 ; 126.806 ; 38,89 
7;Valle d'Aosta/Vallée d'Aoste; 326.089,81 ; 3.260,90 ; 126.806 ; 38,89 
;Lombardia; 2.386.365,14 ; 23.863,65 ; 9.704.151 ; 406,65 
12;Varese; 119.811,25 ; 1.198,11 ; 871.886 ; 727,72 
13;Como; 127.903,77 ; 1.279,04 ; 586.735 ; 458,73 
14;Sondrio; 319.576,09 ; 3.195,76 ; 180.814 ; 56,58 
15;Milano; 157.565,24 ; 1.575,65 ; 3.038.420 ; 1.928,36 
16;Bergamo; 274.593,60 ; 2.745,94 ; 1.086.277 ; 395,59 
17;Brescia; 478.562,44 ; 4.785,62 ; 1.238.044 ; 258,70 
18;Pavia; 296.864,28 ; 2.968,64 ; 535.822 ; 180,49 
19;Cremona; 177.045,98 ; 1.770,46 ; 357.623 ; 201,99 
20;Mantova; 234.144,08 ; 2.341,44 ; 408.336 ; 174,40 
97;Lecco; 81.457,93 ; 814,58 ; 336.310 ; 412,86 
98;Lodi; 78.299,12 ; 782,99 ; 223.755 ; 285,77 
108;Monza e della Brianza; 40.541,36 ; 405,41 ; 840.129 ; 2.072,28 
;Trentino-Alto Adige/Südtirol; 1.360.550,08 ; 13.605,50 ; 1.029.475 ; 75,67 
21;Bolzano/Bozen; 739.838,10 ; 7.398,38 ; 504.643 ; 68,21 
22;Trento; 620.711,98 ; 6.207,12 ; 524.832 ; 84,55 
;Veneto; 1.840.741,57 ; 18.407,42 ; 4.857.210 ; 263,87 
23;Verona; 309.639,06 ; 3.096,39 ; 900.542 ; 290,84 
24;Vicenza; 272.252,79 ; 2.722,53 ; 859.205 ; 315,59 
25;Belluno; 367.226,24 ; 3.672,26 ; 210.001 ; 57,19 
26;Treviso; 247.982,58 ; 2.479,83 ; 876.790 ; 353,57 
27;Venezia; 247.290,78 ; 2.472,91 ; 846.962 ; 342,50 
28;Padova; 214.415,11 ; 2.144,15 ; 921.361 ; 429,71 
29;Rovigo; 181.935,01 ; 1.819,35 ; 242.349 ; 133,21 
;Friuli-Venezia Giulia; 786.230,24 ; 7.862,30 ; 1.218.985 ; 155,04 
30;Udine; 490.724,13 ; 4.907,24 ; 535.430 ; 109,11 
31;Gorizia; 46.713,76 ; 467,14 ; 140.143 ; 300,00 
32;Trieste; 21.250,68 ; 212,51 ; 232.601 ; 1.094,56 
93;Pordenone; 227.541,67 ; 2.275,42 ; 310.811 ; 136,60 
;Liguria; 541.621,35 ; 5.416,21 ; 1.570.694 ; 290,00 
8;Imperia; 115.478,42 ; 1.154,78 ; 214.502 ; 185,75 
9;Savona; 154.628,57 ; 1.546,29 ; 281.028 ; 181,74 
10;Genova; 183.379,11 ; 1.833,79 ; 855.834 ; 466,70 
11;La Spezia; 88.135,25 ; 881,35 ; 219.330 ; 248,86 
;Emilia-Romagna; 2.245.277,79 ; 22.452,78 ; 4.342.135 ; 193,39 
33;Piacenza; 258.585,84 ; 2.585,86 ; 284.616 ; 110,07 
34;Parma; 344.748,17 ; 3.447,48 ; 427.434 ; 123,98 
35;Reggio nell'Emilia; 229.125,67 ; 2.291,26 ; 517.316 ; 225,78 
36;Modena; 268.801,63 ; 2.688,02 ; 685.777 ; 255,12 
37;Bologna; 370.232,12 ; 3.702,32 ; 976.243 ; 263,68 
38;Ferrara; 263.512,44 ; 2.635,12 ; 353.481 ; 134,14 
39;Ravenna; 185.943,79 ; 1.859,44 ; 384.761 ; 206,92 
40;Forlì-Cesena; 237.839,97 ; 2.378,40 ; 390.738 ; 164,29 
99;Rimini; 86.488,16 ; 864,88 ; 321.769 ; 372,04 
;Toscana; 2.298.704,42 ; 22.987,04 ; 3.672.202 ; 159,75 
45;Massa-Carrara; 115.467,62 ; 1.154,68 ; 199.650 ; 172,91 
46;Lucca; 177.322,21 ; 1.773,22 ; 388.327 ; 219,00 
47;Pistoia; 96.412,21 ; 964,12 ; 287.866 ; 298,58 
48;Firenze; 351.369,27 ; 3.513,69 ; 973.145 ; 276,96 
49;Livorno; 121.371,43 ; 1.213,71 ; 335.247 ; 276,22 
50;Pisa; 244.472,14 ; 2.444,72 ; 411.190 ; 168,20 
51;Arezzo; 323.307,63 ; 3.233,08 ; 343.676 ; 106,30 
52;Siena; 382.098,00 ; 3.820,98 ; 266.621 ; 69,78 
53;Grosseto; 450.312,35 ; 4.503,12 ; 220.564 ; 48,98 
100;Prato; 36.571,56 ; 365,72 ; 245.916 ; 672,42 
;Umbria; 846.432,75 ; 8.464,33 ; 884.268 ; 104,47 
54;Perugia; 633.715,06 ; 6.337,15 ; 655.844 ; 103,49 
55;Terni; 212.717,69 ; 2.127,18 ; 228.424 ; 107,38 
;Marche; 940.137,55 ; 9.401,38 ; 1.541.319 ; 163,95 
41;Pesaro e Urbino; 256.777,67 ; 2.567,78 ; 362.583 ; 141,21 
42;Ancona; 196.321,79 ; 1.963,22 ; 473.865 ; 241,37 
43;Macerata; 277.934,41 ; 2.779,34 ; 319.607 ; 114,99 
44;Ascoli Piceno; 122.826,96 ; 1.228,27 ; 210.407 ; 171,30 
109;Fermo; 86.276,72 ; 862,77 ; 174.857 ; 202,67 
;Lazio; 1.723.229,06 ; 17.232,29 ; 5.502.886 ; 319,34 
56;Viterbo; 361.524,05 ; 3.615,24 ; 312.864 ; 86,54 
57;Rieti; 275.052,00 ; 2.750,52 ; 155.164 ; 56,41 
58;Roma; 536.328,46 ; 5.363,28 ; 3.997.465 ; 745,34 
59;Latina; 225.616,15 ; 2.256,16 ; 544.732 ; 241,44 
60;Frosinone; 324.708,40 ; 3.247,08 ; 492.661 ; 151,72 
;Abruzzo; 1.083.183,88 ; 10.831,84 ; 1.307.309 ; 120,69 
66;L'Aquila; 504.754,81 ; 5.047,55 ; 298.343 ; 59,11 
67;Teramo; 195.437,95 ; 1.954,38 ; 306.349 ; 156,75 
68;Pescara; 123.033,09 ; 1.230,33 ; 314.661 ; 255,75 
69;Chieti; 259.958,03 ; 2.599,58 ; 387.956 ; 149,24 
;Molise; 446.064,73 ; 4.460,65 ; 313.660 ; 70,32 
70;Campobasso; 292.540,73 ; 2.925,41 ; 226.419 ; 77,40 
94;Isernia; 153.524,00 ; 1.535,24 ; 87.241 ; 56,83 
;Campania; 1.367.094,77 ; 13.670,95 ; 5.766.810 ; 421,83 
61;Caserta; 265.135,04 ; 2.651,35 ; 904.921 ; 341,31 
62;Benevento; 208.043,83 ; 2.080,44 ; 284.900 ; 136,94 
63;Napoli; 117.893,34 ; 1.178,93 ; 3.054.956 ; 2.591,29 
64;Avellino; 280.606,77 ; 2.806,07 ; 429.157 ; 152,94 
65;Salerno; 495.415,79 ; 4.954,16 ; 1.092.876 ; 220,60 
;Puglia; 1.954.090,41 ; 19.540,90 ; 4.052.566 ; 207,39 
71;Foggia; 700.753,57 ; 7.007,54 ; 626.072 ; 89,34 
72;Bari; 386.287,92 ; 3.862,88 ; 1.247.303 ; 322,89 
73;Taranto; 246.735,40 ; 2.467,35 ; 584.649 ; 236,95 
74;Brindisi; 186.111,56 ; 1.861,12 ; 400.801 ; 215,36 
75;Lecce; 279.906,62 ; 2.799,07 ; 802.018 ; 286,53 
110;Barletta-Andria-Trani; 154.295,34 ; 1.542,95 ; 391.723 ; 253,88 
;Basilicata; 1.007.332,26 ; 10.073,32 ; 578.036 ; 57,38 
76;Potenza; 659.443,73 ; 6.594,44 ; 377.935 ; 57,31 
77;Matera; 347.888,53 ; 3.478,89 ; 200.101 ; 57,52 
;Calabria; 1.522.190,21 ; 15.221,90 ; 1.959.050 ; 128,70 
78;Cosenza; 670.975,01 ; 6.709,75 ; 714.030 ; 106,42 
79;Catanzaro; 241.545,13 ; 2.415,45 ; 359.841 ; 148,97 
80;Reggio di Calabria; 321.037,39 ; 3.210,37 ; 550.967 ; 171,62 
101;Crotone; 173.568,48 ; 1.735,68 ; 170.803 ; 98,41 
102;Vibo Valentia; 115.064,20 ; 1.150,64 ; 163.409 ; 142,02 
;Sicilia; 2.583.238,79 ; 25.832,39 ; 5.002.904 ; 193,67 
81;Trapani; 246.962,31 ; 2.469,62 ; 429.917 ; 174,08 
82;Palermo; 500.928,19 ; 5.009,28 ; 1.243.585 ; 248,26 
83;Messina; 326.611,83 ; 3.266,12 ; 649.824 ; 198,96 
84;Agrigento; 305.258,97 ; 3.052,59 ; 446.837 ; 146,38 
85;Caltanissetta; 213.836,94 ; 2.138,37 ; 273.099 ; 127,71 
86;Enna; 257.470,43 ; 2.574,70 ; 173.451 ; 67,37 
87;Catania; 357.368,21 ; 3.573,68 ; 1.078.766 ; 301,86 
88;Ragusa; 162.388,55 ; 1.623,89 ; 307.492 ; 189,36 
89;Siracusa; 212.413,36 ; 2.124,13 ; 399.933 ; 188,28 
;Sardegna; 2.410.002,09 ; 24.100,02 ; 1.639.362 ; 68,02 
90;Sassari; 428.590,90 ; 4.285,91 ; 328.043 ; 76,54 
91;Nuoro; 393.168,11 ; 3.931,68 ; 159.197 ; 40,49 
92;Cagliari; 457.041,35 ; 4.570,41 ; 550.580 ; 120,47 
95;Oristano; 303.424,57 ; 3.034,25 ; 163.916 ; 54,02 
104;Olbia-Tempio; 340.618,04 ; 3.406,18 ; 150.501 ; 44,18 
105;Ogliastra; 185.454,68 ; 1.854,55 ; 57.329 ; 30,91 
106;Medio Campidano; 151.733,74 ; 1.517,34 ; 101.256 ; 66,73 
107;Carbonia-Iglesias; 149.970,70 ; 1.499,71 ; 128.540 ; 85,71 
;;;;;
;Nord-ovest; 5.792.783,21 ; 57.927,83 ; 15.765.567 ; 272,16 
;Nord-est; 6.232.799,68 ; 62.328,00 ; 11.447.805 ; 183,67 
;Centro; 5.808.503,78 ; 58.085,04 ; 11.600.675 ; 199,72 
;Mezzogiorno; 12.373.197,14 ; 123.731,97 ; 20.619.697 ; 166,65 
;ITALIA; 30.207.283,81 ; 302.072,84 ; 59.433.744 ; 196,75 
